variant,total_persons,missing_gender_count,missing_birth_year_count,male_count,female_count,unknown_gender_count,min_birth_year,max_birth_year,avg_birth_year,missing_gender_pct,missing_birth_year_pct,male_pct,female_pct,unknown_gender_pct
V0_clean,1071,0,0,520,551,0,1917,2026,1989.267040149393,0.0,0.0,48.552754435107374,51.44724556489262,0.0
V1_missing_demographics,1071,161,161,440,470,161,0,2026,1690.4360410831,15.032679738562091,15.032679738562091,41.083099906629315,43.88422035480859,15.032679738562091
V2_duplicate_encounter_ids,1071,0,0,520,551,0,1917,2026,1989.267040149393,0.0,0.0,48.552754435107374,51.44724556489262,0.0
V3_conflicting_codings,1071,0,0,520,551,0,1917,2026,1989.267040149393,0.0,0.0,48.552754435107374,51.44724556489262,0.0
V4_missing_medications,1071,0,0,520,551,0,1917,2026,1989.267040149393,0.0,0.0,48.552754435107374,51.44724556489262,0.0
