variant,persons,condition_persons,drug_persons,condition_prevalence,drug_exposure_prevalence,condition_and_drug_prevalence,condition_prevalence_change_vs_v0,condition_prevalence_pct_change_vs_v0,drug_exposure_prevalence_change_vs_v0,drug_exposure_prevalence_pct_change_vs_v0,condition_and_drug_prevalence_change_vs_v0,condition_and_drug_prevalence_pct_change_vs_v0
V0,1071,769,609,0.7180205415499533,0.5686274509803921,0.5686274509803921,0.0,0.0,0.0,0.0,0.0,0.0
V1,1071,769,609,0.7180205415499533,0.5686274509803921,0.5686274509803921,0.0,0.0,0.0,0.0,0.0,0.0
V2,1071,769,609,0.7180205415499533,0.5686274509803921,0.5686274509803921,0.0,0.0,0.0,0.0,0.0,0.0
V3,1071,769,609,0.7180205415499533,0.5686274509803921,0.5686274509803921,0.0,0.0,0.0,0.0,0.0,0.0
V4,1071,769,666,0.7180205415499533,0.6218487394957983,0.6218487394957983,0.0,0.0,0.053221288515406195,9.359605911330055,0.053221288515406195,9.359605911330055
V5,1071,769,609,0.7180205415499533,0.5686274509803921,0.5686274509803921,0.0,0.0,0.0,0.0,0.0,0.0
